{
  "Total" : {
    "transaction" : "Total",
    "sampleCount" : 5000,
    "errorCount" : 828,
    "errorPct" : 16.56,
    "meanResTime" : 2980.902200000006,
    "medianResTime" : 1406.0,
    "minResTime" : 244.0,
    "maxResTime" : 22583.0,
    "pct1ResTime" : 14616.300000004463,
    "pct2ResTime" : 15865.95,
    "pct3ResTime" : 16041.939999999999,
    "throughput" : 210.06638097638856,
    "receivedKBytesPerSec" : 216.66484499726914,
    "sentKBytesPerSec" : 44.926306087723724
  },
  "HTTP Request" : {
    "transaction" : "HTTP Request",
    "sampleCount" : 5000,
    "errorCount" : 828,
    "errorPct" : 16.56,
    "meanResTime" : 2980.902200000006,
    "medianResTime" : 1406.0,
    "minResTime" : 244.0,
    "maxResTime" : 22583.0,
    "pct1ResTime" : 14616.300000004463,
    "pct2ResTime" : 15865.95,
    "pct3ResTime" : 16041.939999999999,
    "throughput" : 210.06638097638856,
    "receivedKBytesPerSec" : 216.66484499726914,
    "sentKBytesPerSec" : 44.926306087723724
  }
}